,,,,
James,Bradley,,Jackson,Mississippi
James,Silman,,Jackson,Mississippi
David W,Felts,,Jackson,Mississippi
Henry,Brewer,,Jackson,Mississippi
James,Havens,,Jackson,Mississippi
Richard,Brastears,,Jackson,Mississippi
James,Eason,,Jackson,Mississippi
Jessee,Rogers,,Jackson,Mississippi
Joseph,Rogers,Junior,Jackson,Mississippi
Joseph,Rogers,Junior,Jackson,Mississippi
Meran,Monk,,Jackson,Mississippi
John,Bruner,,Jackson,Mississippi
Bruner,Griffin,,Jackson,Mississippi
Johrastan,Rush,,Jackson,Mississippi
Presly,Mathews,,Jackson,Mississippi
Thomas T,Everitt,,Jackson,Mississippi
William,Davidson,,Jackson,Mississippi
Lewis,Parker,,Jackson,Mississippi
Solomon,Dearnan,,Jackson,Mississippi
Willis,Holder,,Jackson,Mississippi
William,Ramsey,,Jackson,Mississippi
Archibald,Mcleod,,Jackson,Mississippi
John,Mclain,,Jackson,Mississippi
Jeremiah,Patrick,,Jackson,Mississippi
Noah K,Hudson,,Jackson,Mississippi
John,Farley,,Jackson,Mississippi
Daniel,Taylor,,Jackson,Mississippi
Joseph,Spell,,Jackson,Mississippi
John,Harrell,,Jackson,Mississippi
John,Wilson,,Jackson,Mississippi
Gilbert J,Simpson,,Jackson,Mississippi
Duncan,Finley,,Jackson,Mississippi
Richard,Dearman,,Jackson,Mississippi
John,Dease,,Jackson,Mississippi